d:cdsxmatch,d:mulens,d:nalerthist,d:rf_kn_vs_nonkn,d:rf_snia_vs_nonia,d:roid,d:snn_sn_vs_all,d:snn_snia_vs_nonia,i:aimage,i:aimagerat,i:bimage,i:bimagerat,i:candid,i:chinr,i:chipsf,i:classtar,i:clrcoeff,i:clrcounc,i:clrmed,i:clrrms,i:dec,i:decnr,i:diffmaglim,i:distnr,i:distpsnr1,i:distpsnr2,i:distpsnr3,i:drb,i:drbversion,i:dsdiff,i:dsnrms,i:elong,i:exptime,i:fid,i:field,i:fink_broker_version,i:fink_science_version,i:fwhm,i:isdiffpos,i:jd,i:jdendhist,i:jdendref,i:jdstarthist,i:jdstartref,i:magap,i:magapbig,i:magdiff,i:magfromlim,i:maggaia,i:maggaiabright,i:magnr,i:magpsf,i:magzpsci,i:magzpscirms,i:magzpsciunc,i:mindtoedge,i:nbad,i:ncovhist,i:ndethist,i:neargaia,i:neargaiabright,i:nframesref,i:nid,i:nmatches,i:nmtchps,i:nneg,i:objectId,i:objectidps1,i:objectidps2,i:objectidps3,i:pdiffimfilename,i:pid,i:programid,i:programpi,i:publisher,i:ra,i:ranr,i:rb,i:rbversion,i:rcid,i:rfid,i:schemavsn,i:scorr,i:seeratio,i:sgmag1,i:sgmag2,i:sgmag3,i:sgscore1,i:sgscore2,i:sgscore3,i:sharpnr,i:sigmagap,i:sigmagapbig,i:sigmagnr,i:sigmapsf,i:simag1,i:simag2,i:simag3,i:sky,i:srmag1,i:srmag2,i:srmag3,i:ssdistnr,i:ssmagnr,i:ssnamenr,i:ssnrms,i:sumrat,i:szmag1,i:szmag2,i:szmag3,i:tblid,i:tooflag,i:xpos,i:ypos,i:zpclrcov,i:zpmed,d:tracklet,d:tns,d:blazar_stats_m0,d:blazar_stats_m1,d:blazar_stats_m2,v:classification,v:rate,v:sigma(rate),v:g-r,v:sigma(g-r),v:rate(g-r),v:sigma(rate(g-r)),v:lastdate,v:firstdate,v:lapse,v:constellation
Unknown,0.0,5,0.0,0.0,0,0.0,0.0,0.765,0.5757901,0.675,0.5080501,1782552085315015008,5.745,1.2547991,0.992,0.103399,2.68883e-05,0.574,0.31891,0.5207276,0.5197789,19.332111,3.6894398,0.62216127,4.5038843,4.7798305,0.9999999,d6_m7,-4.472546,6.617581,1.1333333,30.0,2,423,1.4,0.5.1,1.3286092,t,2459537.0520833,2459537.0520833,2458442.040405,2459334.7125463,2458217.781655,19.0129,18.9238,-0.136824,0.31921116,15.994738,-999.0,18.471,19.149723,26.202724,0.048625,1.49273e-05,1051.3394,0,369,57,16.016487,-999.0,15,1782,467,7,5,ZTF21aaxtctv,108621928227075212,108621928214285011,108621928213045807,ztf_20211118552072_000423_zr_c14_o_q2_scimrefdiffimg.fits,1782552085315,1,Prince,Fink,192.822631,192.8222096,0.78,t17_f5_c3,53,423120253,3.3,5.6427469254,2.0,-999.0,18.5528,19.1598,0.5,0.0739464,0.5,0.369,0.279,0.3284,0.114,0.17540704,-999.0,17.9011,18.7988,0.3607766,-999.0,18.08,-999.0,-999.0,-999.0,null,11.090127,0.8652439,-999.0,18.057,18.5421,8,0,1375.1063,2029.1606,-1.811e-05,26.264,,,-1.0,-1.0,-1.0,Unknown,-8.9331237592,114.1703999514,,,,,2021-11-18 13:14:59.997,2021-04-30 05:06:04.000,202.3395369998,Virgo
Unknown,0.0,4,0.0,0.0,0,0.0,0.0,1.017,0.46227273,0.852,0.38727272,1782549725315015010,5.745,0.92205083,0.984,0.104246,2.53276e-05,0.571,0.318185,0.5206511,0.5197789,19.32813,3.3898149,0.57823896,4.3353953,4.748324,0.9999939,d6_m7,-4.5508466,5.1457925,1.1936619,30.0,2,423,1.4,0.5.1,2.2,t,2459537.0497222,2459537.0497222,2458442.040405,2459334.7125463,2458217.781655,18.9427,18.7302,-0.228115,0.38542983,15.994738,-999.0,18.471,19.170815,26.157816,0.047881,1.40045e-05,1052.1624,0,368,56,16.306194,-999.0,15,1782,465,7,7,ZTF21aaxtctv,108621928227075212,108621928214285011,108621928213045807,ztf_20211118549711_000423_zr_c14_o_q2_scimrefdiffimg.fits,1782549725315,1,Prince,Fink,192.8225955,192.8222096,0.7442857,t17_f5_c3,53,423120253,3.3,5.7633972168,1.1727461,-999.0,18.5528,19.1598,0.5,0.0739464,0.5,0.369,0.2709,0.2843,0.114,0.2046928,-999.0,17.9011,18.7988,-0.04919858,-999.0,18.08,-999.0,-999.0,-999.0,null,9.696639,0.96313393,-999.0,18.057,18.5421,10,0,1373.9232,2028.3376,-1.702e-05,26.219,,,-1.0,-1.0,-1.0,Unknown,-33.8651518839,122.4395235627,,,,,2021-11-18 13:11:35.998,2021-04-30 05:06:04.000,202.3371758997,Virgo
Unknown,0.0,3,0.0,0.0,0,0.0,0.0,0.839,0.5378205,0.667,0.4275641,1782547365315015011,5.745,1.3087883,0.835,0.101439,2.40871e-05,0.571,0.319559,0.5206909,0.5197789,19.401419,3.6374774,0.4208764,4.634876,4.9673176,0.99996144,d6_m7,-3.426261,6.5847464,1.257871,30.0,2,423,1.4,0.5.1,1.56,t,2459537.0473611,2459537.0473611,2458442.040405,2459334.7125463,2458217.781655,19.249,19.4281,-0.001774,0.15241937,15.994738,-999.0,18.471,19.250774,26.174774,0.046951,1.33968e-05,1054.3496,0,367,55,16.010757,-999.0,15,1782,469,7,2,ZTF21aaxtctv,108621928227075212,108621928214285011,108621928213045807,ztf_20211118547268_000423_zr_c14_o_q2_scimrefdiffimg.fits,1782547365315,1,Prince,Fink,192.822674,192.8222096,0.7942857,t17_f5_c3,53,423120253,3.3,5.6463918686,1.581686,-999.0,18.5528,19.1598,0.5,0.0739464,0.5,0.369,0.3509,0.528,0.114,0.20414455,-999.0,17.9011,18.7988,0.375918,-999.0,18.08,-999.0,-999.0,-999.0,null,10.011007,1.0,-999.0,18.057,18.5421,11,0,1372.4309,2026.1504,-1.623e-05,26.235,,,-1.0,-1.0,-1.0,Unknown,0.0139417527,0.0490362696,,,,,2021-11-18 13:08:11.999,2021-04-30 05:06:04.000,202.3348147999,Virgo
Unknown,0.0,1,0.0,0.0,0,0.0,0.0,0.681,0.22929293,0.628,0.2114478,1777545695315015006,5.745,1.2955803,1.0,0.10882,1.85097e-05,0.577,0.318274,0.5207745,0.5197789,19.737448,3.8769841,0.7301816,4.583204,4.7780538,0.99999297,d6_m7,-6.036024,9.693797,1.0843949,30.0,2,423,1.4,0.5.1,2.97,t,2459532.0456944,2459532.0456944,2458442.040405,2459334.7125463,2458217.781655,19.3644,19.3702,0.183358,0.3730473,15.994738,-999.0,18.471,19.181042,26.161041,0.045575,1.03082e-05,1045.5673,0,357,53,15.860531,-999.0,15,1777,468,7,6,ZTF21aaxtctv,108621928227075212,108621928214285011,108621928213045807,ztf_20211113545683_000423_zr_c14_o_q2_scimrefdiffimg.fits,1777545695315,1,Prince,Fink,192.822644,192.8222096,0.83285713,t17_f5_c3,53,423120253,3.3,7.191010952,0.7964651,-999.0,18.5528,19.1598,0.5,0.0739464,0.5,0.369,0.3051,0.3897,0.114,0.13593741,-999.0,17.9011,18.7988,0.6633757,-999.0,18.08,-999.0,-999.0,-999.0,null,15.729821,0.9916705,-999.0,18.057,18.5421,6,0,1377.7053,2034.9327,-1.249e-05,26.2235,,,-1.0,-1.0,-1.0,Unknown,0.0099093089,0.0011317092,,,,,2021-11-13 13:05:47.996,2021-04-30 05:06:04.000,197.3331480999,Virgo
Unknown,0.0,18,0.0,0.0,0,0.4605314434,0.5966884494,0.851,0.28945577,0.764,0.25986394,1642250205315015007,8.33,1.3682331,0.973,-0.029327,4.7558e-05,0.527,0.291062,0.5206885,0.5205089,19.614126,4.6852307,0.40985802,4.6403756,4.976502,0.99998564,d6_m7,-8.083931,6.519103,1.1138743,30.0,1,423,1.4,0.5.1,2.94,t,2459396.7502083,2459396.7502083,2458491.998831,2459334.7125463,2458203.80559,19.1168,19.0251,0.07906,0.49732664,15.994738,-999.0,17.705,19.03774,25.89174,0.041384,2.20495e-05,1068.7705,0,347,51,16.012657,-999.0,15,1642,407,7,3,ZTF21aaxtctv,108621928227075212,108621928214285011,108621928213045807,ztf_20210701250197_000423_zg_c14_o_q2_scimrefdiffimg.fits,1642250205315,1,Kulkarni,Fink,192.8226759,192.8213695,0.87285715,t17_f5_c3,53,423120153,3.3,7.4628610611,0.9441455,-999.0,18.5528,19.1598,0.5,0.0739464,0.5,0.324,0.2318,0.2711,0.077,0.1626097,-999.0,17.9011,18.7988,0.451799,-999.0,18.08,-999.0,-999.0,-999.0,null,14.603034,1.0,-999.0,18.057,18.5421,7,0,1342.6671,2011.7295,-2.927e-05,25.878,,,-1.0,-1.0,-1.0,SN candidate,-0.0115038444,0.1151892608,1.197967,0.1772783734,-3.63928e-05,0.0601446544,2021-07-01 06:00:17.997,2021-04-30 05:06:04.000,62.0376619999,Virgo
Unknown,0.0,18,0.0,0.0,0,0.4346344173,0.5859814286,0.66,0.32352942,0.622,0.30490196,1642191255315015021,5.745,15.440286,0.985,0.108642,1.34475e-05,0.571,0.318706,0.5207033,0.5197789,20.139826,3.6745975,0.4595148,4.6363387,4.9485173,0.99995863,d6_m7,-33.771442,25.243605,1.0610932,30.0,2,423,1.4,0.5.1,2.04,t,2459396.69125,2459396.69125,2458442.040405,2459334.7125463,2458217.781655,17.8258,17.8071,-0.013973,2.3140256,15.994738,-999.0,18.471,17.839773,26.115772,0.042826,7.4539e-06,1043.0406,0,346,50,15.981074,-999.0,15,1642,465,7,6,ZTF21aaxtctv,108621928227075212,108621928214285011,108621928213045807,ztf_20210701191250_000423_zr_c14_o_q2_scimrefdiffimg.fits,1642191255315,1,Kulkarni,Fink,192.8226725,192.8222096,0.9285714,t17_f5_c3,53,423120253,3.3,26.9834632874,1.1463972,-999.0,18.5528,19.1598,0.5,0.0739464,0.5,0.369,0.0557,0.0683,0.114,0.07060954,-999.0,17.9011,18.7988,0.1998184,-999.0,18.08,-999.0,-999.0,-999.0,null,59.01505,0.9291291,-999.0,18.057,18.5421,21,0,1345.2162,2037.4594,-9.05e-06,26.179,,,-1.0,-1.0,-1.0,SN candidate,0.0215473309,0.0236213677,1.197967,0.1772783734,-3.63928e-05,0.0601446544,2021-07-01 04:35:24.000,2021-04-30 05:06:04.000,61.9787037,Virgo
Unknown,0.0,18,0.0,0.0,0,0.4562816918,0.6777234077,0.961,0.3626415,0.822,0.31018868,1640195245315015012,8.33,1.7357327,0.98,-0.029305,3.02615e-05,0.556,0.311826,0.5206529,0.5205089,19.949163,4.650749,0.33952913,4.6009493,4.9964776,0.99999285,d6_m7,-8.8708,9.06826,1.1690998,30.0,1,423,1.4,0.5.1,2.65,t,2459394.6952431,2459394.6952431,2458491.998831,2459334.7125463,2458203.80559,18.9387,19.0143,-0.12268,1.0104641,15.994738,-999.0,17.705,19.06138,25.92938,0.037243,1.59309e-05,1049.3059,0,344,48,16.123587,-999.0,15,1640,443,7,3,ZTF21aaxtctv,108621928227075212,108621928214285011,108621928213045807,ztf_20210629195243_000423_zg_c14_o_q2_scimrefdiffimg.fits,1640195245315,1,Kulkarni,Fink,192.8226696,192.8213695,0.85,t17_f5_c3,53,423120153,3.3,8.9753761292,0.9577685,-999.0,18.5528,19.1598,0.5,0.0739464,0.5,0.324,0.1623,0.2199,0.077,0.17201649,-999.0,17.9011,18.7988,0.1698037,-999.0,18.08,-999.0,-999.0,-999.0,null,17.93906,0.98690593,-999.0,18.057,18.5421,12,0,1379.438,2031.1941,-1.983e-05,25.914,,,-1.0,-1.0,-1.0,SN candidate,0.056014941,0.117042141,,,,,2021-06-29 04:41:09.004,2021-04-30 05:06:04.000,59.9826968,Virgo
Unknown,0.0,17,0.0,0.0,0,0.4441939294,0.5417013764,1.028,0.38792452,0.841,0.3173585,1638238425315015008,8.33,1.4393008,0.98,-0.007765,4.93893e-05,0.517,0.288463,0.5206668,0.5205089,19.487078,4.290554,0.69579583,4.2390676,4.630364,0.999979,d6_m7,-7.022509,6.2520175,1.2223543,30.0,1,423,1.4,0.5.1,2.65,t,2459392.7384259,2459392.7384259,2458491.998831,2459334.7125463,2458203.80559,18.7602,18.8858,-0.191568,0.72687685,15.994738,-999.0,17.705,18.951769,26.083769,0.039892,2.24469e-05,1049.4645,0,343,47,16.334972,-999.0,15,1638,386,7,2,ZTF21aaxtctv,108621928227075212,108621928214285011,108621928213045807,ztf_20210627238380_000423_zg_c14_o_q2_scimrefdiffimg.fits,1638238425315,1,Kulkarni,Fink,192.8225664,192.8213695,0.82857144,t17_f5_c3,53,423120153,3.3,8.032409668,1.0345082,-999.0,18.5528,19.1598,0.5,0.0739464,0.5,0.324,0.1872,0.2679,0.077,0.15121211,-999.0,17.9011,18.7988,-0.03826723,-999.0,18.08,-999.0,-999.0,-999.0,null,13.274527,1.0,-999.0,18.057,18.5421,8,0,1362.5581,2031.0355,-3.009e-05,26.079,,,-1.0,-1.0,-1.0,SN candidate,0.0614786152,0.0998628628,1.198113,0.1636823844,-0.0055931199,0.0121690353,2021-06-27 05:43:19.998,2021-04-30 05:06:04.000,58.0258796001,Virgo
Unknown,0.0,17,0.0,0.0,0,0.2012899816,0.4466997385,0.65,0.33333334,0.649,0.3328205,1638194605315015037,5.745,13.971868,0.983,0.097438,1.44887e-05,0.571,0.317716,0.5207082,0.5197789,20.065126,3.6703188,0.50122046,4.594381,4.8999505,1.0,d6_m7,-28.69762,46.08521,1.0015408,30.0,2,423,1.4,0.5.1,1.95,t,2459392.6946065,2459392.6946065,2458442.040405,2459334.7125463,2458217.781655,17.736,17.8413,-0.017656,2.329126,15.994738,-999.0,18.471,17.753656,26.159657,0.040478,8.0279e-06,1032.483,0,342,46,15.998262,-999.0,15,1638,465,7,1,ZTF21aaxtctv,108621928227075212,108621928214285011,108621928213045807,ztf_20210627194595_000423_zr_c14_o_q2_scimrefdiffimg.fits,1638194605315,1,Kulkarni,Fink,192.8226599,192.8222096,0.9285714,t17_f5_c3,53,423120253,3.3,21.9617042542,1.2334441,-999.0,18.5528,19.1598,0.5,0.0739464,0.5,0.369,0.0527,0.0726,0.114,0.06266435,-999.0,17.9011,18.7988,-0.2445291,-999.0,18.08,-999.0,-999.0,-999.0,null,74.78283,1.0,-999.0,18.057,18.5421,37,0,1364.5182,2048.017,-9.75e-06,26.218,,,-1.0,-1.0,-1.0,Unknown,0.0310009842,0.0148376208,1.198113,0.1636823844,-0.0055931199,0.0121690353,2021-06-27 04:40:14.002,2021-04-30 05:06:04.000,57.9820602001,Virgo
Unknown,0.0,17,0.0,0.0,0,0.3943226337,0.5990301967,0.877,0.42367148,0.781,0.3772947,1636191385315015007,8.33,1.8076836,0.982,-0.030395,4.28377e-05,0.513,0.288356,0.5206702,0.5205089,19.573719,4.7147818,0.33657625,4.66658,5.03113,0.9999995,d6_m7,-6.583252,9.137028,1.1229193,30.0,1,423,1.4,0.5.1,2.07,t,2459390.6913889,2459390.6913889,2458491.998831,2459334.7125463,2458203.80559,18.6778,18.7863,-0.14812,0.89591986,15.994738,-999.0,17.705,18.82592,26.27992,0.038055,1.90932e-05,1026.8625,0,341,45,16.038301,-999.0,15,1636,385,7,1,ZTF21aaxtctv,108621928227075212,108621928214285011,108621928213045807,ztf_20210625191377_000423_zg_c14_o_q2_scimrefdiffimg.fits,1636191385315,1,Kulkarni,Fink,192.8226858,192.8213695,0.8971428,t17_f5_c3,53,423120153,3.3,9.7541866302,1.2079629,-999.0,18.5528,19.1598,0.5,0.0739464,0.5,0.324,0.1744,0.2461,0.077,0.13756326,-999.0,17.9011,18.7988,0.4853715,-999.0,18.08,-999.0,-999.0,-999.0,null,15.72028,1.0,-999.0,18.057,18.5421,7,0,1413.1014,2053.6375,-2.579e-05,26.263,,,-1.0,-1.0,-1.0,SN candidate,0.022465016,0.0118615612,,,,,2021-06-25 04:35:36.001,2021-04-30 05:06:04.000,55.9788425998,Virgo
Unknown,0.0,18,0.0,0.0,0,0.4103976488,0.4481734037,0.744,0.3336323,0.69,0.30941704,1632193955315015006,5.745,4.4810333,0.983,0.106615,2.71755e-05,0.574,0.319757,0.5206991,0.5197789,19.205954,3.6521444,0.46013632,4.6137137,4.933567,1.0,d6_m7,-15.433905,22.704096,1.0782609,30.0,2,423,1.4,0.5.1,2.23,t,2459386.6939583,2459386.6939583,2458442.040405,2459334.7125463,2458217.781655,17.5506,17.526,-0.017031,1.6553528,15.994738,-999.0,18.471,17.56763,26.135632,0.049484,1.52782e-05,1039.945,0,340,44,16.006027,-999.0,15,1632,463,7,1,ZTF21aaxtctv,108621928227075212,108621928214285011,108621928213045807,ztf_20210621193958_000423_zr_c14_o_q2_scimrefdiffimg.fits,1632193955315,1,Kulkarni,Fink,192.8226668,192.8222096,0.9185714,t17_f5_c3,53,423120253,3.3,19.1771087646,1.122425,-999.0,18.5528,19.1598,0.5,0.0739464,0.5,0.369,0.0866,0.108,0.114,0.06324928,-999.0,17.9011,18.7988,-0.5171044,-999.0,18.08,-999.0,-999.0,-999.0,null,38.138,1.0,-999.0,18.057,18.5421,6,0,1382.9626,2040.555,-1.843e-05,26.197,,,-1.0,-1.0,-1.0,Unknown,0.0391157499,0.0203659762,,,,,2021-06-21 04:39:17.997,2021-04-30 05:06:04.000,51.981412,Virgo
Unknown,0.0,18,0.0,0.0,0,0.446651727,0.552187562,0.659,0.3723164,0.647,0.36553672,1628189915315015010,5.745,1.0699277,0.983,0.103359,2.59756e-05,0.571,0.317472,0.5207086,0.5197789,19.391466,3.6945999,0.47097075,4.64648,4.949659,1.0,d6_m7,-16.629028,41.85461,1.0185472,30.0,2,423,1.4,0.5.1,1.77,t,2459382.689919,2459382.689919,2458442.040405,2459334.7125463,2458217.781655,17.3093,17.3756,-0.101708,2.0821662,15.994738,-999.0,18.471,17.411009,25.870008,0.047897,1.43275e-05,1042.5164,0,338,42,15.96206,-999.0,15,1628,465,7,2,ZTF21aaxtctv,108621928227075212,108621928214285011,108621928213045807,ztf_20210617189896_000423_zr_c14_o_q2_scimrefdiffimg.fits,1628189915315,1,Kulkarni,Fink,192.8226745,192.8222096,0.9285714,t17_f5_c3,53,423120253,3.3,19.4090003967,1.2730958,-999.0,18.5528,19.1598,0.5,0.0739464,0.5,0.369,0.066,0.089,0.114,0.051471412,-999.0,17.9011,18.7988,0.2293367,-999.0,18.08,-999.0,-999.0,-999.0,null,58.48364,1.0,-999.0,18.057,18.5421,10,0,1363.9729,2037.9836,-1.744e-05,25.934,,,-1.0,-1.0,-1.0,SN candidate,0.0369846671,0.018446568,,,,,2021-06-17 04:33:29.002,2021-04-30 05:06:04.000,47.9773726999,Virgo
Unknown,0.0,18,0.0,0.0,0,0.406344682,0.6547170281,0.721,0.27945736,0.717,0.27790698,1624249505315015019,5.745,4.44337,0.984,0.102744,1.22511e-05,0.571,0.318414,0.5207076,0.5197789,20.105686,3.674453,0.49054533,4.6082406,4.9143314,1.0,d6_m7,-53.78082,27.688948,1.0055788,30.0,2,423,1.4,0.5.1,2.58,t,2459378.7495023,2459378.7495023,2458442.040405,2459334.7125463,2458217.781655,17.2799,17.3211,0.014626,2.825787,15.994738,-999.0,18.471,17.265274,26.207273,0.040594,6.7859e-06,1035.355,0,335,39,15.990234,-999.0,15,1624,465,7,4,ZTF21aaxtctv,108621928227075212,108621928214285011,108621928213045807,ztf_20210613249502_000423_zr_c14_o_q2_scimrefdiffimg.fits,1624249505315,1,Kulkarni,Fink,192.8226639,192.8222096,0.92142856,t17_f5_c3,53,423120253,3.3,27.7580089569,0.97503567,-999.0,18.5528,19.1598,0.5,0.0739464,0.5,0.369,0.0327,0.0422,0.114,0.051323656,-999.0,17.9011,18.7988,0.2130124,-999.0,18.08,-999.0,-999.0,-999.0,null,81.469765,0.9947588,-999.0,18.057,18.5421,19,0,1352.094,2045.145,-8.24e-06,26.267,,,-1.0,-1.0,-1.0,SN candidate,0.0205815261,0.0365037311,,,,,2021-06-13 05:59:16.999,2021-04-30 05:06:04.000,44.0369559997,Virgo
Unknown,0.0,19,0.0,0.0,0,0.4044126272,0.6358450055,0.729,0.28255814,0.715,0.2771318,1622254605315015014,5.745,16.632708,0.984,0.096855,1.44801e-05,0.577,0.317587,0.5206965,0.5197789,20.072123,3.657183,0.4336361,4.6428742,4.9659047,1.0,d6_m7,-54.53257,27.439192,1.0195804,30.0,2,423,1.4,0.5.1,2.58,t,2459376.7546065,2459376.7546065,2458442.040405,2459334.7125463,2458217.781655,17.2393,17.24,0.015083,2.832822,15.994738,-999.0,18.471,17.224216,26.193216,0.040369,8.0611e-06,1045.1139,0,334,38,15.992361,-999.0,15,1622,468,7,4,ZTF21aaxtctv,108621928227075212,108621928214285011,108621928213045807,ztf_20210611254606_000423_zr_c14_o_q2_scimrefdiffimg.fits,1622254605315,1,Kulkarni,Fink,192.8226754,192.8222096,0.9185714,t17_f5_c3,53,423120253,3.3,29.7427272797,0.99335235,-999.0,18.5528,19.1598,0.5,0.0739464,0.5,0.369,0.032,0.0398,0.114,0.051660437,-999.0,17.9011,18.7988,-0.2415633,-999.0,18.08,-999.0,-999.0,-999.0,null,81.97176,0.99761,-999.0,18.057,18.5421,14,0,1366.8557,2035.3861,-9.78e-06,26.252,,,-1.0,-1.0,-1.0,SN candidate,0.0425396551,0.010480266,1.287732,0.105959367,0.0104799373,0.0229096233,2021-06-11 06:06:38.002,2021-04-30 05:06:04.000,42.0420601997,Virgo
Unknown,0.0,18,0.0,0.0,0,0.4016535282,0.6725658178,0.768,0.28764045,0.751,0.2812734,1622215345315015012,8.33,2.7463863,0.983,-0.047619,1.88154e-05,0.562,0.314307,0.5206825,0.5205089,20.243883,4.6778545,0.398621,4.6294417,4.9757476,1.0,d6_m7,-18.35746,23.971966,1.0226365,30.0,1,423,1.4,0.5.1,2.67,t,2459376.7153472,2459376.7153472,2458491.998831,2459334.7125463,2458203.80559,18.5561,18.6454,0.044153,1.6877826,15.994738,-999.0,17.705,18.511948,26.278948,0.032764,1.01682e-05,1037.6804,0,333,37,16.034056,-999.0,15,1622,457,7,2,ZTF21aaxtctv,108621928227075212,108621928214285011,108621928213045807,ztf_20210611215347_000423_zg_c14_o_q2_scimrefdiffimg.fits,1622215345315,1,Kulkarni,Fink,192.8226737,192.8213695,0.92,t17_f5_c3,53,423120153,3.3,17.2155609131,0.9817695,-999.0,18.5528,19.1598,0.5,0.0739464,0.5,0.324,0.0865,0.118,0.077,0.09251263,-999.0,17.9011,18.7988,0.4535173,-999.0,18.08,-999.0,-999.0,-999.0,null,42.329426,1.0,-999.0,18.057,18.5421,12,0,1383.6975,2042.8196,-1.25e-05,26.254,,,-1.0,-1.0,-1.0,SN candidate,0.0511584441,0.0611133835,1.287732,0.105959367,0.0104799373,0.0229096233,2021-06-11 05:10:05.998,2021-04-30 05:06:04.000,42.0028009,Virgo
Unknown,0.0,19,0.0,0.0,0,0.4869259596,0.6571784019,0.761,0.3093496,0.732,0.297561,1620222555315015026,8.33,5.430268,0.984,-0.058836,1.60003e-05,0.567,0.315567,0.5207009,0.5205089,20.415924,4.6476707,0.47479686,4.5997863,4.91719,0.99999976,d6_m7,-26.917482,24.264471,1.0396175,30.0,1,423,1.4,0.5.1,2.46,t,2459374.7225579,2459374.7225579,2458491.998831,2459334.7125463,2458203.80559,18.4106,18.3649,0.0006,2.005324,15.994738,-999.0,17.705,18.41,26.284,0.033021,8.7178e-06,1018.1183,0,331,35,16.011301,-999.0,15,1620,468,7,2,ZTF21aaxtctv,108621928227075212,108621928214285011,108621928213045807,ztf_20210609222558_000423_zg_c14_o_q2_scimrefdiffimg.fits,1620222555315,1,Kulkarni,Fink,192.8226626,192.8213695,0.92714286,t17_f5_c3,53,423120153,3.3,19.3880901337,1.0616543,-999.0,18.5528,19.1598,0.5,0.0739464,0.5,0.324,0.0673,0.0805,0.077,0.079203956,-999.0,17.9011,18.7988,0.328509,-999.0,18.08,-999.0,-999.0,-999.0,null,51.181953,1.0,-999.0,18.057,18.5421,26,0,1375.7094,2062.3816,-1.068e-05,26.249,,,-1.0,-1.0,-1.0,SN candidate,0.0990600486,0.0574743821,,,,,2021-06-09 05:20:29.003,2021-04-30 05:06:04.000,40.0100115999,Virgo
Unknown,0.0,19,0.0,0.0,0,0.8972044587,0.72013098,0.987,0.3589091,0.965,0.35090908,1618192705315015020,8.33,1.5101185,0.982,-0.03341,4.11414e-05,0.533,0.29809,0.5206637,0.5205089,19.812183,4.678439,0.3445188,4.6293,5.006015,0.99999976,d6_m7,-15.840445,19.357855,1.022798,30.0,1,423,1.4,0.5.1,2.75,t,2459372.6927083,2459372.6927083,2458491.998831,2459334.7125463,2458203.80559,17.9868,18.0079,-0.222123,1.8253825,15.994738,-999.0,17.705,18.208923,25.651922,0.040112,1.97347e-05,1012.5338,0,330,34,16.07872,-999.0,15,1618,413,7,1,ZTF21aaxtctv,108621928227075212,108621928214285011,108621928213045807,ztf_20210607192697_000423_zg_c14_o_q2_scimrefdiffimg.fits,1618192705315,1,Kulkarni,Fink,192.8226762,192.8213695,0.80142856,t17_f5_c3,53,423120153,3.3,17.9417552948,0.9688506,-999.0,18.5528,19.1598,0.5,0.0739464,0.5,0.324,0.0746,0.0954,0.077,0.085658066,-999.0,17.9011,18.7988,-0.443095,-999.0,18.08,-999.0,-999.0,-999.0,null,35.1983,1.0,-999.0,18.057,18.5421,20,0,1396.795,2067.9663,-2.572e-05,25.635,,,-1.0,-1.0,-1.0,SN candidate,0.0073498306,0.0593105283,,,,,2021-06-07 04:37:29.997,2021-04-30 05:06:04.000,37.9801619998,Virgo
Unknown,0.4058272992,20,0.0,0.0,0,0.4947620928,0.8134631515,0.699,0.2678161,0.687,0.2632184,1616267585315015015,5.745,7.478028,0.984,0.097955,1.34559e-05,0.577,0.317404,0.5207038,0.5197789,20.163145,3.6761339,0.46075684,4.636977,4.948317,1.0,d6_m7,-66.11592,115.25726,1.0174673,30.0,2,423,1.4,0.5.1,2.61,t,2459370.767581,2459370.767581,2458442.040405,2459334.7125463,2458217.781655,16.95,16.9683,-0.019531,3.213146,15.994738,-999.0,18.471,16.96953,26.154531,0.03998,7.4784e-06,1049.564,0,329,33,15.979493,-999.0,15,1616,466,7,1,ZTF21aaxtctv,108621928227075212,108621928214285011,108621928213045807,ztf_20210605267569_000423_zr_c14_o_q2_scimrefdiffimg.fits,1616267585315,1,Kulkarni,Fink,192.8226726,192.8222096,0.91,t17_f5_c3,53,423120253,3.3,25.9388046265,0.948313,-999.0,18.5528,19.1598,0.5,0.0739464,0.5,0.369,0.0241,0.0302,0.114,0.035611965,-999.0,17.9011,18.7988,0.09966581,-999.0,18.08,-999.0,-999.0,-999.0,null,181.37318,1.0,-999.0,18.057,18.5421,15,0,1357.8569,2030.936,-9.08e-06,26.212,,,-1.0,-1.0,-1.0,Ambiguous,0.0221141183,0.0284826826,1.224877,0.087478268,0.028884617,0.0140765516,2021-06-05 06:25:18.998,2021-04-30 05:06:04.000,36.0550346998,Virgo
Unknown,0.0,19,0.0,0.0,0,0.9396341443,0.715896368,1.011,0.3036036,0.978,0.2936937,1616217695315015013,8.33,3.5588844,0.983,-0.053221,2.27834e-05,0.557,0.314152,0.5206777,0.5205089,20.292606,4.6064935,0.4377557,4.5571575,4.914397,0.9999992,d6_m7,-32.79868,19.703358,1.0337423,30.0,1,423,1.4,0.5.1,3.33,t,2459370.7176968,2459370.7176968,2458491.998831,2459334.7125463,2458203.80559,18.157,18.1644,-0.037406,2.135606,15.994738,-999.0,17.705,18.194407,26.256407,0.035967,1.21545e-05,1033.1758,0,328,32,16.09392,-999.0,15,1616,451,7,0,ZTF21aaxtctv,108621928227075212,108621928214285011,108621928213045807,ztf_20210605217685_000423_zg_c14_o_q2_scimrefdiffimg.fits,1616217695315,1,Kulkarni,Fink,192.8226541,192.8213695,0.8742857,t17_f5_c3,53,423120153,3.3,19.7903575897,0.9093801,-999.0,18.5528,19.1598,0.5,0.0739464,0.5,0.324,0.0524,0.0655,0.077,0.07990141,-999.0,17.9011,18.7988,-0.1012474,-999.0,18.08,-999.0,-999.0,-999.0,null,52.502037,1.0,-999.0,18.057,18.5421,13,0,1385.6508,2047.3242,-1.502e-05,26.228,,,-1.0,-1.0,-1.0,SN candidate,0.0534873866,0.0271625784,1.224877,0.087478268,0.028884617,0.0140765516,2021-06-05 05:13:29.004,2021-04-30 05:06:04.000,36.0051504998,Virgo
Unknown,0.4481636851,20,0.0,0.0,0,0.9047122002,0.7112605572,0.729,0.2690037,0.711,0.26236162,1614212605315015016,5.745,87.56528,0.983,0.101329,1.20857e-05,0.578,0.318134,0.5206998,0.5197789,20.359682,3.6646795,0.44789097,4.636865,4.954738,0.9999906,d6_m7,-95.1096,99.42611,1.0253165,30.0,2,423,1.4,0.5.1,2.71,t,2459368.7126042,2459368.7126042,2458442.040405,2459334.7125463,2458217.781655,16.9205,16.9529,-0.003586,3.4391813,15.994738,-999.0,18.471,16.924086,26.177086,0.04013,6.762e-06,1026.8969,0,326,30,15.988781,-999.0,15,1614,467,7,0,ZTF21aaxtctv,108621928227075212,108621928214285011,108621928213045807,ztf_20210603212604_000423_zr_c14_o_q2_scimrefdiffimg.fits,1614212605315,1,Kulkarni,Fink,192.8226732,192.8222096,0.8914286,t17_f5_c3,53,423120253,3.3,56.7492485046,0.92640805,-999.0,18.5528,19.1598,0.5,0.0739464,0.5,0.369,0.0206,0.0257,0.114,0.046451,-999.0,17.9011,18.7988,0.2783667,-999.0,18.08,-999.0,-999.0,-999.0,null,194.5357,1.0,-999.0,18.057,18.5421,16,0,1382.5162,2053.603,-8.18e-06,26.238,,,-1.0,-1.0,-1.0,Ambiguous,0.0293179619,0.0158347944,,,,,2021-06-03 05:06:09.003,2021-04-30 05:06:04.000,34.0000578999,Virgo
Unknown,0.449949439,21,0.0,0.0,0,0.9034209847,0.7560235262,0.796,0.29924813,0.779,0.29285714,1612233205315015014,8.33,10.126232,0.995,-0.062051,1.97722e-05,0.566,0.313628,0.520683,0.5205089,20.388306,4.6503015,0.41948134,4.6015453,4.9481983,1.0,d6_m7,-39.876534,31.673697,1.0218228,30.0,1,423,1.4,0.5.1,2.66,t,2459366.733206,2459366.733206,2458491.998831,2459334.7125463,2458203.80559,18.0086,18.0733,0.027313,2.3797064,15.994738,-999.0,17.705,17.981287,26.234287,0.035766,1.06645e-05,1022.0708,0,325,29,16.051632,-999.0,15,1612,463,7,2,ZTF21aaxtctv,108621928227075212,108621928214285011,108621928213045807,ztf_20210601233194_000423_zg_c14_o_q2_scimrefdiffimg.fits,1612233205315,1,Kulkarni,Fink,192.8226658,192.8213695,0.93,t17_f5_c3,53,423120153,3.3,26.4682712555,1.0043011,-999.0,18.5528,19.1598,0.5,0.0739464,0.5,0.324,0.0474,0.0623,0.077,0.07300199,-999.0,17.9011,18.7988,0.2461344,-999.0,18.08,-999.0,-999.0,-999.0,null,71.55023,1.0,-999.0,18.057,18.5421,14,0,1385.6505,2058.4292,-1.313e-05,26.2,,,-1.0,-1.0,-1.0,Ambiguous,0.0556939694,0.0227617036,,,,,2021-06-01 05:35:48.998,2021-04-30 05:06:04.000,32.0206597,Virgo
Unknown,0.4432294987,20,0.0,0.0,0,0.4842943847,0.8974157572,0.731,0.3137339,0.725,0.3111588,1610321715315015017,5.745,26.30527,0.987,0.104573,1.5822e-05,0.571,0.318126,0.5206876,0.5197789,19.711683,3.6154962,0.42722532,4.6099873,4.948787,1.0,d6_m7,-53.82286,73.98894,1.0082759,30.0,2,423,1.4,0.5.1,2.33,t,2459364.821713,2459364.821713,2458442.040405,2459334.7125463,2458217.781655,16.7855,16.8058,-0.024512,2.9261837,15.994738,-999.0,18.471,16.810013,26.111012,0.043027,8.7463e-06,1050.6722,0,323,27,16.035202,-999.0,15,1610,465,7,1,ZTF21aaxtctv,108621928227075212,108621928214285011,108621928213045807,ztf_20210530321701_000423_zr_c14_o_q2_scimrefdiffimg.fits,1610321715315,1,Kulkarni,Fink,192.8226675,192.8222096,0.9185714,t17_f5_c3,53,423120253,3.3,39.5085678101,1.1062628,-999.0,18.5528,19.1598,0.5,0.0739464,0.5,0.369,0.0281,0.0357,0.114,0.040475633,-999.0,17.9011,18.7988,-0.1126092,-999.0,18.08,-999.0,-999.0,-999.0,null,127.8118,1.0,-999.0,18.057,18.5421,17,0,1350.6063,2029.8278,-1.063e-05,26.172,,,-1.0,-1.0,-1.0,Ambiguous,0.022486772,0.0288100006,,,,,2021-05-30 07:43:16.003,2021-04-30 05:06:04.000,30.1091666999,Virgo
Unknown,0.3806639386,21,0.0,0.0,0,0.3165180087,0.9107885957,0.655,0.26626018,0.633,0.25731707,1608234935315015009,5.745,79.3562,0.999,0.094287,1.26942e-05,0.576,0.316117,0.5207067,0.5197789,19.929207,3.6821282,0.47322336,4.6318808,4.9386525,0.9998607,d6_m7,-71.943794,72.33402,1.0347551,30.0,2,423,1.4,0.5.1,2.46,t,2459362.7349306,2459362.7349306,2458442.040405,2459334.7125463,2458217.781655,16.774,16.7787,0.010912,3.1552072,15.994738,-999.0,18.471,16.763088,26.244087,0.038514,7.0151e-06,1023.9814,0,322,26,15.976285,-999.0,15,1608,469,7,2,ZTF21aaxtctv,108621928227075212,108621928214285011,108621928213045807,ztf_20210528234931_000423_zr_c14_o_q2_scimrefdiffimg.fits,1608234935315,1,Kulkarni,Fink,192.8226707,192.8222096,0.88857144,t17_f5_c3,53,423120253,3.3,72.0330734253,0.9637541,-999.0,18.5528,19.1598,0.5,0.0739464,0.5,0.369,0.025,0.0312,0.114,0.044454042,-999.0,17.9011,18.7988,-0.8911468,-999.0,18.08,-999.0,-999.0,-999.0,null,144.27782,1.0,-999.0,18.057,18.5421,9,0,1367.3539,2056.5186,-8.54e-06,26.3,,,-1.0,-1.0,-1.0,Ambiguous,0.0092791746,0.0220391217,0.992982,0.0715475934,0.0478185308,0.0398133249,2021-05-28 05:38:18.004,2021-04-30 05:06:04.000,28.0223842999,Virgo
Unknown,0.0,20,0.0,0.0,0,0.9398232698,0.8996198773,0.719,0.33915094,0.713,0.33632076,1608189375315015015,8.33,18.257109,0.983,-0.060084,1.89041e-05,0.578,0.318032,0.520692,0.5205089,20.473349,4.6558805,0.44234815,4.6073394,4.9390545,0.99998724,d6_m7,-51.26898,37.72665,1.0084151,30.0,1,423,1.4,0.5.1,2.12,t,2459362.689375,2459362.689375,2458491.998831,2459334.7125463,2458203.80559,17.7539,17.8068,-0.00217,2.719448,15.994738,-999.0,17.705,17.75607,26.32107,0.035361,1.05341e-05,1026.1172,0,321,25,16.02675,-999.0,15,1608,463,7,3,ZTF21aaxtctv,108621928227075212,108621928214285011,108621928213045807,ztf_20210528189375_000423_zg_c14_o_q2_scimrefdiffimg.fits,1608189375315,1,Kulkarni,Fink,192.8226661,192.8213695,0.9142857,t17_f5_c3,53,423120153,3.3,40.3587799072,1.1972107,-999.0,18.5528,19.1598,0.5,0.0739464,0.5,0.324,0.037,0.0478,0.077,0.05606154,-999.0,17.9011,18.7988,-0.01489927,-999.0,18.08,-999.0,-999.0,-999.0,null,88.99563,0.9525748,-999.0,18.057,18.5421,15,0,1381.2983,2054.3828,-1.277e-05,26.285,,,-1.0,-1.0,-1.0,SN candidate,0.0574470031,0.0325902036,0.992982,0.0715475934,0.0478185308,0.0398133249,2021-05-28 04:32:42.000,2021-04-30 05:06:04.000,27.9768286999,Virgo
Unknown,0.0,19,0.0,0.0,0,0.9552378058,0.8183327317,0.758,0.31193414,0.745,0.30658436,1605274275315015005,8.33,4.4732714,0.984,-0.029642,8.08236e-05,0.491,0.26771,0.5207028,0.5205089,18.897072,4.5486436,0.55105144,4.4999375,4.8178225,1.0,d6_m7,-16.025486,10.402334,1.0174496,30.0,1,423,1.4,0.5.1,2.43,t,2459359.7742708,2459359.7742708,2458491.998831,2459334.7125463,2458203.80559,17.7177,17.7897,0.129094,1.1793727,15.994738,-999.0,17.705,17.588606,26.225607,0.040479,3.23746e-05,1040.9548,0,320,24,16.074726,-999.0,15,1605,272,7,0,ZTF21aaxtctv,108621928227075212,108621928214285011,108621928213045807,ztf_20210525274271_000423_zg_c14_o_q2_scimrefdiffimg.fits,1605274275315,1,Kulkarni,Fink,192.8226342,192.8213695,0.8971428,t17_f5_c3,53,423120153,3.3,22.0142002106,1.1148158,-999.0,18.5528,19.1598,0.5,0.0739464,0.5,0.324,0.1219,0.1669,0.077,0.07669963,-999.0,17.9011,18.7988,1.722322,-999.0,18.08,-999.0,-999.0,-999.0,null,26.42782,1.0,-999.0,18.057,18.5421,5,0,1354.3706,2039.5452,-4.635e-05,26.2115,,,-1.0,-1.0,-1.0,SN candidate,0.0409013232,0.0182264696,0.853586,0.0913830581,0.029357606,0.021938983,2021-05-25 06:34:56.997,2021-04-30 05:06:04.000,25.0617244998,Virgo
Unknown,0.0,18,0.0,0.0,0,0.4748621881,0.8961111903,0.708,0.32777777,0.663,0.30694443,1605210095315015007,5.745,16.752901,0.985,0.103805,2.76231e-05,0.576,0.318531,0.5207059,0.5197789,19.20424,3.6729047,0.48063093,4.6154294,4.924071,0.99999994,d6_m7,-33.960705,51.12157,1.0678734,30.0,2,423,1.4,0.5.1,2.16,t,2459359.7100926,2459359.7100926,2458442.040405,2459334.7125463,2458217.781655,16.7698,16.7785,0.034781,2.4344416,15.994738,-999.0,18.471,16.73502,26.20002,0.048897,1.54076e-05,1031.4998,0,319,23,15.98925,-999.0,15,1605,463,7,3,ZTF21aaxtctv,108621928227075212,108621928214285011,108621928213045807,ztf_20210525210069_000423_zr_c14_o_q2_scimrefdiffimg.fits,1605210095315,1,Kulkarni,Fink,192.8226662,192.8222096,0.89428574,t17_f5_c3,53,423120253,3.3,36.4401359558,1.1842202,-999.0,18.5528,19.1598,0.5,0.0739464,0.5,0.369,0.0418,0.0535,0.114,0.049679272,-999.0,17.9011,18.7988,0.8911005,-999.0,18.08,-999.0,-999.0,-999.0,null,85.082275,0.9937687,-999.0,18.057,18.5421,7,0,1371.5573,2049.0002,-1.866e-05,26.263,,,-1.0,-1.0,-1.0,SN candidate,0.0117676252,0.0124481122,0.853586,0.0913830581,0.029357606,0.021938983,2021-05-25 05:02:32.001,2021-04-30 05:06:04.000,24.9975462998,Virgo
Unknown,0.0,17,0.0,0.0,0,0.889801383,0.8983171582,0.974,0.29785934,0.965,0.29510704,1600210865315015005,5.745,7.760418,0.987,0.104039,1.77592e-05,0.577,0.317104,0.5206762,0.5197789,19.736351,3.589498,0.3841027,4.6234417,4.9802203,1.0,d6_m7,-72.28106,28.227896,1.0093265,30.0,2,423,1.4,0.5.1,3.27,t,2459354.7108681,2459354.7108681,2458442.040405,2459334.7125463,2458217.781655,16.6743,16.6595,-0.001892,3.0620518,15.994738,-999.0,18.471,16.676191,26.212193,0.043946,9.8786e-06,1002.2063,0,318,22,16.05292,-999.0,15,1600,472,7,0,ZTF21aaxtctv,108621928227075212,108621928214285011,108621928213045807,ztf_20210520210833_000423_zr_c14_o_q2_scimrefdiffimg.fits,1600210865315,1,Kulkarni,Fink,192.8226729,192.8222096,0.8685714,t17_f5_c3,53,423120253,3.3,44.6522903442,0.9145137,-999.0,18.5528,19.1598,0.5,0.0739464,0.5,0.369,0.0219,0.0269,0.114,0.037478738,-999.0,17.9011,18.7988,-0.8098902,-999.0,18.08,-999.0,-999.0,-999.0,null,100.50896,1.0,-999.0,18.057,18.5421,5,0,1379.8285,2078.2937,-1.199e-05,26.275,,,-1.0,-1.0,-1.0,SN candidate,-0.013859414,0.0138269549,0.703974,0.0644170433,0.0584752756,0.0233496467,2021-05-20 05:03:39.004,2021-04-30 05:06:04.000,19.9983218,Virgo
Unknown,0.0,16,0.0,0.0,0,0.9267219305,0.8729861975,0.972,0.35867158,0.943,0.3479705,1600178075315015009,8.33,6.408021,0.983,-0.038029,3.87103e-05,0.546,0.299939,0.5206872,0.5205089,19.898603,4.6582985,0.4264115,4.6094217,4.948897,1.0,d6_m7,-44.992138,23.013004,1.0307529,30.0,1,423,1.4,0.5.1,2.71,t,2459354.6780787,2459354.6780787,2458491.998831,2459334.7125463,2458203.80559,17.3777,17.3441,-0.002466,2.5209029,15.994738,-999.0,17.705,17.380165,26.310165,0.0403,1.89371e-05,1003.1229,0,317,21,16.036516,-999.0,15,1600,429,7,0,ZTF21aaxtctv,108621928227075212,108621928214285011,108621928213045807,ztf_20210520178032_000423_zg_c14_o_q2_scimrefdiffimg.fits,1600178075315,1,Kulkarni,Fink,192.8226674,192.8213695,0.88714284,t17_f5_c3,53,423120153,3.3,37.2306442261,1.0838331,-999.0,18.5528,19.1598,0.5,0.0739464,0.5,0.324,0.0355,0.0432,0.077,0.05239179,-999.0,17.9011,18.7988,0.3940772,-999.0,18.08,-999.0,-999.0,-999.0,null,68.00514,1.0,-999.0,18.057,18.5421,9,0,1381.273,2077.3772,-2.446e-05,26.289,,,-1.0,-1.0,-1.0,SN candidate,0.044705543,0.0188808778,0.703974,0.0644170433,0.0584752756,0.0233496467,2021-05-20 04:16:26.000,2021-04-30 05:06:04.000,19.9655323997,Virgo
Unknown,0.0,15,0.0,0.52,0,0.9679638743,0.8848848939,1.057,0.24754098,1.04,0.24355972,1596249735315015022,5.745,23.253096,0.983,0.103925,1.40264e-05,0.574,0.316112,0.5206813,0.5197789,19.998579,3.6012745,0.40329304,4.6174283,4.966185,0.9999999,d6_m7,-94.19729,54.24111,1.0163461,30.0,2,423,1.4,0.5.1,4.27,t,2459350.7497338,2459350.7497338,2458442.040405,2459334.7125463,2458217.781655,16.7654,16.7655,0.034309,3.2331798,15.994738,-999.0,18.471,16.73109,26.16109,0.041639,7.7378e-06,1013.9378,0,315,19,16.044943,-999.0,15,1596,467,7,0,ZTF21aaxtctv,108621928227075212,108621928214285011,108621928213045807,ztf_20210516249734_000423_zr_c14_o_q2_scimrefdiffimg.fits,1596249735315,1,Kulkarni,Fink,192.8226705,192.8222096,0.7242857,t17_f5_c3,53,423120253,3.3,49.4961776733,0.7732125,-999.0,18.5528,19.1598,0.5,0.0739464,0.5,0.369,0.0187,0.0228,0.114,0.03993925,-999.0,17.9011,18.7988,-0.08771259,-999.0,18.08,-999.0,-999.0,-999.0,null,148.4384,1.0,-999.0,18.057,18.5421,22,0,1369.0964,2066.5623,-9.43e-06,26.225,,,-1.0,-1.0,-1.0,Early SN Ia candidate,-0.0152009982,0.0290677996,0.470837,0.0672074369,0.0296483248,0.0473296128,2021-05-16 05:59:37.000,2021-04-30 05:06:04.000,16.0371874999,Virgo
Unknown,0.0,14,0.0,0.52,0,0.9574300647,0.8835611343,1.205,0.28690475,1.179,0.28071427,1596191145315015013,8.33,8.6588335,0.979,-0.045804,3.46455e-05,0.549,0.301857,0.5206768,0.5205089,20.164114,4.649413,0.4026295,4.6002026,4.9570208,0.9999937,d6_m7,-75.70719,33.949177,1.0220526,30.0,1,423,1.4,0.5.1,4.2,t,2459350.6911458,2459350.6911458,2458491.998831,2459334.7125463,2458203.80559,17.1633,17.1535,-0.038627,3.000813,15.994738,-999.0,17.705,17.201927,26.259928,0.039751,1.72194e-05,1007.7402,0,314,18,16.067095,-999.0,15,1596,440,7,0,ZTF21aaxtctv,108621928227075212,108621928214285011,108621928213045807,ztf_20210516191146_000423_zg_c14_o_q2_scimrefdiffimg.fits,1596191145315,1,Kulkarni,Fink,192.8226663,192.8213695,0.6685714,t17_f5_c3,53,423120153,3.3,42.4124641418,0.8329788,-999.0,18.5528,19.1598,0.5,0.0739464,0.5,0.324,0.0217,0.0262,0.077,0.054052714,-999.0,17.9011,18.7988,0.03850517,-999.0,18.08,-999.0,-999.0,-999.0,null,109.656364,1.0,-999.0,18.057,18.5421,13,0,1360.0175,2072.7598,-2.207e-05,26.2375,,,-1.0,-1.0,-1.0,Early SN Ia candidate,0.0136815266,0.0361645948,0.470837,0.0672074369,0.0296483248,0.0473296128,2021-05-16 04:35:14.997,2021-04-30 05:06:04.000,15.9785994999,Virgo
Unknown,0.0,13,0.0,0.52,0,0.932098031,0.8953525424,0.726,0.25928572,0.711,0.25392857,1594231205315015036,8.33,26.36006,0.984,-0.056411,1.94508e-05,0.566,0.315736,0.5206899,0.5205089,20.548882,4.6415224,0.44607013,4.592688,4.9284163,0.99998844,d6_m7,-79.234375,125.19615,1.0210971,30.0,1,423,1.4,0.5.1,2.8,t,2459348.7312037,2459348.7312037,2458491.998831,2459334.7125463,2458203.80559,17.1855,17.1824,0.010388,3.3633816,15.994738,-999.0,17.705,17.175112,26.263111,0.03494,1.05632e-05,1013.3811,0,312,16,16.041506,-999.0,15,1594,466,7,5,ZTF21aaxtctv,108621928227075212,108621928214285011,108621928213045807,ztf_20210514231204_000423_zg_c14_o_q2_scimrefdiffimg.fits,1594231205315,1,Kulkarni,Fink,192.8226623,192.8213695,0.87714285,t17_f5_c3,53,423120153,3.3,36.6240005493,0.9231901,-999.0,18.5528,19.1598,0.5,0.0739464,0.5,0.324,0.0216,0.0261,0.077,0.045851402,-999.0,17.9011,18.7988,0.2259829,-999.0,18.08,-999.0,-999.0,-999.0,null,204.43053,0.9696243,-999.0,18.057,18.5421,36,0,1360.6516,2067.119,-1.295e-05,26.232,,,-1.0,-1.0,-1.0,Early SN Ia candidate,0.0107740805,0.0210497031,0.412728,0.0639389582,0.0407856281,0.029708817,2021-05-14 05:32:56.000,2021-04-30 05:06:04.000,14.0186573998,Virgo
Unknown,0.0,12,0.0,0.545,0,0.8527018428,0.8470249176,0.665,0.27593362,0.653,0.27095437,1594191055315015011,5.745,130.89868,0.989,0.102814,1.2001e-05,0.574,0.31592,0.5207045,0.5197789,20.383919,3.6660142,0.48045334,4.6085844,4.9197607,0.99958646,d6_m7,-111.65677,116.23404,1.0183767,30.0,2,423,1.4,0.5.1,2.41,t,2459348.6910532,2459348.6910532,2458442.040405,2459334.7125463,2458217.781655,16.8049,16.8128,0.042515,3.5790179,15.994738,-999.0,18.471,16.762384,26.193384,0.040209,6.6352e-06,1015.9856,0,311,15,15.997089,-999.0,15,1594,469,7,2,ZTF21aaxtctv,108621928227075212,108621928214285011,108621928213045807,ztf_20210514191053_000423_zr_c14_o_q2_scimrefdiffimg.fits,1594191055315,1,Kulkarni,Fink,192.8226645,192.8222096,0.88857144,t17_f5_c3,53,423120253,3.3,81.6627502441,1.0066935,-999.0,18.5528,19.1598,0.5,0.0739464,0.5,0.369,0.0189,0.023,0.114,0.044562757,-999.0,17.9011,18.7988,0.3557245,-999.0,18.08,-999.0,-999.0,-999.0,null,227.89081,1.0,-999.0,18.057,18.5421,11,0,1360.401,2064.5144,-8.08e-06,26.255,,,-1.0,-1.0,-1.0,Early SN Ia candidate,-0.0306223249,0.0213914867,0.412728,0.0639389582,0.0407856281,0.029708817,2021-05-14 04:35:06.996,2021-04-30 05:06:04.000,13.9785068999,Virgo
Unknown,0.0,11,0.0,0.638,0,0.9384351373,0.8841993809,0.732,0.25416666,0.691,0.23993056,1591194515315015013,5.745,41.03817,0.984,0.090153,1.03858e-05,0.577,0.317287,0.5206898,0.5197789,20.124172,3.6296434,0.4247708,4.6236105,4.958282,0.9999989,d6_m7,-86.9437,57.096245,1.0593343,30.0,2,423,1.4,0.5.1,2.88,t,2459345.6945139,2459345.6945139,2458442.040405,2459334.7125463,2458217.781655,16.8547,16.8452,0.000554,3.2694721,15.994738,-999.0,18.471,16.854145,26.161146,0.036102,5.8139e-06,1037.0686,0,310,14,16.020903,-999.0,15,1591,464,7,5,ZTF21aaxtctv,108621928227075212,108621928214285011,108621928213045807,ztf_20210511194502_000423_zr_c14_o_q2_scimrefdiffimg.fits,1591194515315,1,Kulkarni,Fink,192.822671,192.8222096,0.87142855,t17_f5_c3,53,423120253,3.3,49.0769844055,0.9009329,-999.0,18.5528,19.1598,0.5,0.0739464,0.5,0.369,0.022,0.0268,0.114,0.046076305,-999.0,17.9011,18.7988,-0.3770825,-999.0,18.08,-999.0,-999.0,-999.0,null,144.03995,0.9708667,-999.0,18.057,18.5421,13,0,1397.0343,2043.4314,-7.04e-06,26.215,,,-1.0,-1.0,-1.0,Early SN Ia candidate,-0.0580155822,0.0160907233,0.288025,0.0645203723,0.0674768705,0.0236673784,2021-05-11 04:40:06.001,2021-04-30 05:06:04.000,10.9819676001,Virgo
Unknown,0.0,10,0.0,0.642,0,0.9287961125,0.8574244976,0.734,0.2936,0.716,0.2864,1591173685315015017,8.33,25.462425,0.984,-0.066075,1.62548e-05,0.574,0.318148,0.5206997,0.5205089,20.413404,4.665373,0.45976734,4.6172485,4.9359913,0.9999998,d6_m7,-89.92433,77.75441,1.0251397,30.0,1,423,1.4,0.5.1,2.5,t,2459345.6736806,2459345.6736806,2458491.998831,2459334.7125463,2458203.80559,17.1518,17.1679,0.00963,3.2616038,15.994738,-999.0,17.705,17.14217,26.22517,0.034836,9.0006e-06,1024.1641,0,309,13,16.002256,-999.0,15,1591,469,7,3,ZTF21aaxtctv,108621928227075212,108621928214285011,108621928213045807,ztf_20210511173681_000423_zg_c14_o_q2_scimrefdiffimg.fits,1591173685315,1,Kulkarni,Fink,192.8226677,192.8213695,0.9257143,t17_f5_c3,53,423120153,3.3,43.1682395935,1.0320165,-999.0,18.5528,19.1598,0.5,0.0739464,0.5,0.324,0.0229,0.0283,0.077,0.045164727,-999.0,17.9011,18.7988,0.2064548,-999.0,18.08,-999.0,-999.0,-999.0,null,167.67874,0.99024624,-999.0,18.057,18.5421,17,0,1390.7874,2056.336,-1.093e-05,26.186,,,-1.0,-1.0,-1.0,Early SN Ia candidate,0.0090940308,0.0361588107,0.288025,0.0645203723,0.0674768705,0.0236673784,2021-05-11 04:10:06.004,2021-04-30 05:06:04.000,10.9611342996,Virgo
Unknown,0.0,9,0.0,0.646,0,0.9282677174,0.8608810902,0.756,0.32170212,0.733,0.3119149,1589235045315015019,8.33,68.424644,0.985,-0.066998,1.96231e-05,0.571,0.316591,0.5207063,0.5205089,20.40728,4.6510906,0.48956233,4.6032233,4.9116244,0.9999969,d6_m7,-86.71722,75.09196,1.0313779,30.0,1,423,1.4,0.5.1,2.35,t,2459343.7350463,2459343.7350463,2458491.998831,2459334.7125463,2458203.80559,17.1286,17.1571,0.00406,3.2786796,15.994738,-999.0,17.705,17.12454,26.21654,0.036832,1.0776e-05,1025.9762,0,308,12,15.996602,-999.0,15,1589,461,7,0,ZTF21aaxtctv,108621928227075212,108621928214285011,108621928213045807,ztf_20210509235035_000423_zg_c14_o_q2_scimrefdiffimg.fits,1589235045315,1,Kulkarni,Fink,192.8226627,192.8213695,0.89857143,t17_f5_c3,53,423120153,3.3,66.5666351318,1.1051574,-999.0,18.5528,19.1598,0.5,0.0739464,0.5,0.324,0.0225,0.0281,0.077,0.053609483,-999.0,17.9011,18.7988,0.2929462,-999.0,18.08,-999.0,-999.0,-999.0,null,161.80917,1.0,-999.0,18.057,18.5421,19,0,1393.4343,2054.5237,-1.315e-05,26.178,,,-1.0,-1.0,-1.0,Early SN Ia candidate,0.0078052282,0.037282131,,,,,2021-05-09 05:38:28.000,2021-04-30 05:06:04.000,9.0225,Virgo
Unknown,0.0,8,0.0,0.631,0,0.9329907894,0.8222751021,0.815,0.29528984,0.799,0.28949276,1587295835315015031,8.33,36.617496,0.984,-0.057401,2.01319e-05,0.569,0.320077,0.5206959,0.5205089,20.562162,4.6575656,0.45292363,4.609456,4.9347076,0.9999994,d6_m7,-105.30703,74.95199,1.020025,30.0,1,423,1.4,0.5.1,2.76,t,2459341.7958333,2459341.7958333,2458491.998831,2459334.7125463,2458203.80559,17.0726,17.0673,-0.036804,3.4895623,15.994738,-999.0,17.705,17.109404,26.265404,0.03598,1.12168e-05,1033.2086,0,306,10,16.016289,-999.0,15,1587,464,7,2,ZTF21aaxtctv,108621928227075212,108621928214285011,108621928213045807,ztf_20210507295833_000423_zg_c14_o_q2_scimrefdiffimg.fits,1587295835315,1,Kulkarni,Fink,192.8226661,192.8213695,0.8757143,t17_f5_c3,53,423120153,3.3,50.621131897,0.969625,-999.0,18.5528,19.1598,0.5,0.0739464,0.5,0.324,0.0191,0.0229,0.077,0.04850797,-999.0,17.9011,18.7988,0.2249082,-999.0,18.08,-999.0,-999.0,-999.0,null,180.25902,1.0,-999.0,18.057,18.5421,31,0,1383.5947,2047.2914,-1.358e-05,26.233,,,-1.0,-1.0,-1.0,Early SN Ia candidate,-0.0302623996,0.0336220823,0.02636,0.0652718228,0.0191656269,0.0445371679,2021-05-07 07:05:59.997,2021-04-30 05:06:04.000,7.0832869997,Virgo
Unknown,0.0,7,0.0,0.1,0,0.6269401312,0.7436639071,0.778,0.27491167,0.75,0.26501766,1587249035315015026,5.745,9.765105,0.983,0.09076,1.08813e-05,0.578,0.318612,0.5206921,0.5197789,20.308561,3.6353252,0.4329404,4.6219873,4.952973,1.0,d6_m7,-83.45019,43.87699,1.0373334,30.0,2,423,1.4,0.5.1,2.83,t,2459341.7490394,2459341.7490394,2458442.040405,2459334.7125463,2458217.781655,17.097,17.0745,0.013956,3.211562,15.994738,-999.0,18.471,17.083044,26.218044,0.036695,6.1172e-06,1045.3785,0,305,9,16.016645,-999.0,15,1587,462,7,0,ZTF21aaxtctv,108621928227075212,108621928214285011,108621928213045807,ztf_20210507249039_000423_zr_c14_o_q2_scimrefdiffimg.fits,1587249035315,1,Kulkarni,Fink,192.8226702,192.8222096,0.9128571,t17_f5_c3,53,423120253,3.3,33.53150177,0.9414626,-999.0,18.5528,19.1598,0.5,0.0739464,0.5,0.369,0.0235,0.0281,0.114,0.04367365,-999.0,17.9011,18.7988,-0.378913,-999.0,18.08,-999.0,-999.0,-999.0,null,127.32718,1.0,-999.0,18.057,18.5421,26,0,1401.2148,2035.1215,-7.39e-06,26.271,,,-1.0,-1.0,-1.0,SN candidate,-0.0516222973,0.0305047747,0.02636,0.0652718228,0.0191656269,0.0445371679,2021-05-07 05:58:37.004,2021-04-30 05:06:04.000,7.0364930998,Virgo
Unknown,0.0,6,0.0,0.046,0,0.7587434053,0.7781925797,0.706,0.2530466,0.679,0.24336918,1585252735315015037,5.745,23.059204,0.984,0.101565,1.19553e-05,0.574,0.317033,0.5206961,0.5197789,20.37723,3.6427279,0.4516067,4.612412,4.9372253,0.9999969,d6_m7,-73.287,62.59181,1.0397644,30.0,2,423,1.4,0.5.1,2.79,t,2459339.7527315,2459339.7527315,2458442.040405,2459334.7125463,2458217.781655,17.184,17.195,-0.002098,3.1932297,15.994738,-999.0,18.471,17.186098,26.181099,0.040005,6.6214e-06,1020.7762,0,304,8,16.013832,-999.0,15,1585,469,7,2,ZTF21aaxtctv,108621928227075212,108621928214285011,108621928213045807,ztf_20210505252731_000423_zr_c14_o_q2_scimrefdiffimg.fits,1585252735315,1,Kulkarni,Fink,192.8226669,192.8222096,0.8857143,t17_f5_c3,53,423120253,3.3,38.4351081848,0.8695811,-999.0,18.5528,19.1598,0.5,0.0739464,0.5,0.369,0.026,0.0322,0.114,0.04243875,-999.0,17.9011,18.7988,-0.1369714,-999.0,18.08,-999.0,-999.0,-999.0,null,135.87881,1.0,-999.0,18.057,18.5421,37,0,1391.1104,2059.7239,-8.05e-06,26.241,,,-1.0,-1.0,-1.0,SN candidate,-0.1122272584,0.0210986056,-0.013599,0.0660453857,0.025245396,0.0332120833,2021-05-05 06:03:56.002,2021-04-30 05:06:04.000,5.0401852001,Virgo
Unknown,0.0,5,0.0,0.046,0,0.4413445592,0.7391212583,0.775,0.30876493,0.734,0.29243028,1585210905315015014,8.33,30.807558,0.985,-0.055051,1.84762e-05,0.568,0.315197,0.5207067,0.5205089,20.415401,4.682398,0.4713285,4.635079,4.941743,0.9999999,d6_m7,-75.73431,79.75831,1.0558583,30.0,1,423,1.4,0.5.1,2.51,t,2459339.7109028,2459339.7109028,2458491.998831,2459334.7125463,2458203.80559,17.1963,17.196,0.023801,3.219102,15.994738,-999.0,17.705,17.172499,26.256498,0.03398,1.00774e-05,1020.6909,0,303,7,15.974122,-999.0,15,1585,465,7,0,ZTF21aaxtctv,108621928227075212,108621928214285011,108621928213045807,ztf_20210505210891_000423_zg_c14_o_q2_scimrefdiffimg.fits,1585210905315,1,Kulkarni,Fink,192.8226716,192.8213695,0.9057143,t17_f5_c3,53,423120153,3.3,63.0092048645,1.0433921,-999.0,18.5528,19.1598,0.5,0.0739464,0.5,0.324,0.0234,0.0285,0.077,0.050605785,-999.0,17.9011,18.7988,0.5000789,-999.0,18.08,-999.0,-999.0,-999.0,null,155.49261,1.0,-999.0,18.057,18.5421,14,0,1385.3752,2059.809,-1.234e-05,26.227,,,-1.0,-1.0,-1.0,SN candidate,-0.0862593298,0.0257605267,-0.013599,0.0660453857,0.025245396,0.0332120833,2021-05-05 05:03:42.002,2021-04-30 05:06:04.000,4.9983564997,Virgo
Unknown,0.0,4,0.0,0.046,0,0.4613293707,0.7153671384,0.748,0.2921875,0.739,0.28867188,1582314475315015031,5.745,17.351854,0.99,0.099111,1.25985e-05,0.574,0.316302,0.5207009,0.5197789,20.48252,3.666125,0.4532193,4.633922,4.950105,0.99999994,d6_m7,-58.231674,72.71834,1.0121787,30.0,2,423,1.4,0.5.1,2.56,t,2459336.8144792,2459336.8144792,2458442.040405,2459334.7125463,2458217.781655,17.4686,17.474,-0.047251,3.0139198,15.994738,-999.0,18.471,17.51585,26.179852,0.039673,6.9495e-06,1024.559,0,301,5,15.988231,-999.0,15,1582,469,7,1,ZTF21aaxtctv,108621928227075212,108621928214285011,108621928213045807,ztf_20210502314479_000423_zr_c14_o_q2_scimrefdiffimg.fits,1582314475315,1,Kulkarni,Fink,192.8226722,192.8222096,0.92,t17_f5_c3,53,423120253,3.3,30.6826820374,1.0116462,-999.0,18.5528,19.1598,0.5,0.0739464,0.5,0.369,0.0301,0.0367,0.114,0.045189466,-999.0,17.9011,18.7988,0.005886382,-999.0,18.08,-999.0,-999.0,-999.0,null,130.95001,1.0,-999.0,18.057,18.5421,31,0,1352.4181,2055.941,-8.47e-06,26.24,,,-1.0,-1.0,-1.0,SN candidate,-0.2464795082,0.0414110423,-0.088257,0.0726962642,-0.0357548668,0.0593742374,2021-05-02 07:32:51.003,2021-04-30 05:06:04.000,2.1019329,Virgo
Unknown,0.0,3,0.0,0.0,0,0.1404695958,0.7380361557,0.964,0.35703704,0.947,0.35074073,1582253615315015022,8.33,15.177921,0.984,-0.061163,2.44944e-05,0.566,0.316786,0.5207044,0.5205089,20.478567,4.723238,0.44066316,4.676068,4.9850945,1.0,d6_m7,-69.11523,33.949333,1.0179514,30.0,1,423,1.4,0.5.1,2.7,t,2459336.7536111,2459336.7536111,2458491.998831,2459334.7125463,2458203.80559,17.339,17.3339,-0.088593,3.1395674,15.994738,-999.0,17.705,17.427593,26.284594,0.039061,1.33567e-05,1020.0166,0,300,4,15.951727,-999.0,15,1582,468,7,0,ZTF21aaxtctv,108621928227075212,108621928214285011,108621928213045807,ztf_20210502253611_000423_zg_c14_o_q2_scimrefdiffimg.fits,1582253615315,1,Kulkarni,Fink,192.8226835,192.8213695,0.86714286,t17_f5_c3,53,423120153,3.3,40.3016624451,1.0830585,-999.0,18.5528,19.1598,0.5,0.0739464,0.5,0.324,0.0235,0.0284,0.077,0.05694435,-999.0,17.9011,18.7988,-0.03522078,-999.0,18.08,-999.0,-999.0,-999.0,null,103.06456,1.0,-999.0,18.057,18.5421,22,0,1368.7878,2060.4834,-1.634e-05,26.254,,,-1.0,-1.0,-1.0,SN candidate,-0.2821742847,0.0425589203,-0.088257,0.0726962642,-0.0357548668,0.0593742374,2021-05-02 06:05:11.999,2021-04-30 05:06:04.000,2.0410647998,Virgo
Unknown,0.0,2,0.0,0.0,0,0.5387253165,0.6272500157,0.839,0.29131943,0.81,0.28125,1580273915315015018,5.745,4.450311,0.983,0.092343,1.41663e-05,0.576,0.318751,0.5206991,0.5197789,19.860025,3.636926,0.48328453,4.5788627,4.899993,1.0,d6_m7,-25.994793,19.848267,1.0358025,30.0,2,423,1.4,0.5.1,2.88,t,2459334.773912,2459334.773912,2458442.040405,2459334.7125463,2458217.781655,18.0243,18.0993,0.005492,1.8357263,15.994738,-999.0,18.471,18.018808,26.236809,0.039224,7.9188e-06,1052.0322,0,298,2,16.029596,-999.0,15,1580,467,7,1,ZTF21aaxtctv,108621928227075212,108621928214285011,108621928213045807,ztf_20210430273866_000423_zr_c14_o_q2_scimrefdiffimg.fits,1580273915315,1,Kulkarni,Fink,192.822657,192.8222096,0.91571426,t17_f5_c3,53,423120253,3.3,16.001033783,0.97559345,-999.0,18.5528,19.1598,0.5,0.0739464,0.5,0.369,0.0695,0.0938,0.114,0.0714038,-999.0,17.9011,18.7988,0.1832668,-999.0,18.08,-999.0,-999.0,-999.0,null,45.84306,1.0,-999.0,18.057,18.5421,18,0,1384.888,2028.4678,-9.58e-06,26.29,,,-1.0,-1.0,-1.0,SN candidate,,,-0.015279,0.0969611324,,,2021-04-30 06:34:25.997,2021-04-30 05:06:04.000,0.0613656999,Virgo
Unknown,0.0,1,0.0,0.0,0,0.0,0.0,0.832,0.3116105,0.812,0.30411986,1580212545315015020,8.33,7.940462,0.984,-0.06826,2.26172e-05,0.569,0.316321,0.5206942,0.5205089,20.251387,4.675523,0.4357712,4.6277456,4.9550867,0.9999999,d6_m7,-31.70684,34.684372,1.0246305,30.0,1,423,1.4,0.5.1,2.67,t,2459334.7125463,2459334.7125463,2458491.998831,2459334.7125463,2458203.80559,17.9542,17.9853,-0.049329,2.297186,15.994738,-999.0,17.705,18.003529,26.298529,0.038881,1.23828e-05,1048.4677,0,297,1,16.007889,-999.0,15,1580,462,7,1,ZTF21aaxtctv,108621928227075212,108621928214285011,108621928213045807,ztf_20210430212546_000423_zg_c14_o_q2_scimrefdiffimg.fits,1580212545315,1,Kulkarni,Fink,192.8226715,192.8213695,0.92285717,t17_f5_c3,53,423120153,3.3,29.351442337,1.0293443,-999.0,18.5528,19.1598,0.5,0.0739464,0.5,0.324,0.0483,0.0619,0.077,0.06559694,-999.0,17.9011,18.7988,0.4782991,-999.0,18.08,-999.0,-999.0,-999.0,null,66.39121,1.0,-999.0,18.057,18.5421,20,0,1375.4734,2032.0323,-1.513e-05,26.259,,,-1.0,-1.0,-1.0,Unknown,,,-0.015279,0.0969611324,,,2021-04-30 05:06:04.000,2021-04-30 05:06:04.000,0.0,Virgo
